{"global_step": 2200000, "_timestamp": 1681941208.066543, "_runtime": 8464.738169193268, "_step": 1128, "stats/actor/params_queue_get_time": 7.581710815429688e-05, "stats/actor/rollout_time": 108.68864440917969, "charts/avg_episodic_return": 1.3200000524520874, "charts/avg_episodic_length": 174.75999450683594, "charts/SPS": 361.0, "stats/actor/truncations": 0.0, "stats/actor/terminations": 58.0, "stats/actor/env_recv_time": 0.6819882392883301, "stats/actor/h2d_time": 0.4372987747192383, "stats/actor/inference_time": 0.4749031066894531, "stats/actor/d2h_time": 105.92383575439453, "stats/actor/storage_time": 1.1361117362976074, "stats/actor/env_send_time": 0.2644472122192383, "stats/actor/rollout_mgmt_time": 0.05353879928588867, "stats/actor/rollout_queue_put_time": 3.311633918201551e-05, "stats/rollout_queue_to_replay_buffer/rollout_queue_get_time": 0.00030541419982910156, "stats/rollout_queue_to_replay_buffer/preprocess_data_time": 126.41452026367188, "stats/rollout_queue_to_replay_buffer/buffer_get_time": 7.62939453125e-05, "stats/rollout_queue_to_replay_buffer/put_games_time": 9.941665649414062, "stats/rollout_queue_to_replay_buffer/game_steps_seen": 20000.0, "stats/replay_buffer_to_batch_queue/buffer_get_time": 8.821487426757812e-06, "stats/replay_buffer_to_batch_queue/sample_time": 48.60715866088867, "stats/learner/batch_queue_get_time": 4.813662052154541, "stats/learner/data_transfer_time": 0.33852556347846985, "stats/learner/update_time": 5.164534568786621, "stats/learner/training_time": 0.010825395584106445, "stats/learner/rollout_queue_size": 211.0, "stats/learner/batch_queue_size": 0.0, "charts/learning_rate": 0.0009999973699450493, "losses/value_loss": 5.80926513671875, "losses/policy_loss": 1.3523311614990234, "losses/reward_loss": 5.88689661026001, "losses/loss": 0.06637399643659592, "_wandb": {"runtime": 8471}}