{"global_step": 2240000, "_timestamp": 1681957658.1951475, "stats/actor/rollout_time": 105.99339294433594, "charts/avg_episodic_return": 1.100000023841858, "charts/avg_episodic_length": 165.83999633789062, "charts/SPS": 371.0, "stats/actor/truncations": 0.0, "stats/actor/terminations": 62.0, "stats/actor/env_recv_time": 1.900782585144043, "stats/actor/h2d_time": 3.8459572792053223, "stats/actor/inference_time": 12.285473823547363, "stats/actor/d2h_time": 87.62353515625, "stats/actor/storage_time": 1.6637086868286133, "stats/actor/env_send_time": 0.11065268516540527, "stats/actor/rollout_queue_put_time": 3.3926964533748105e-05, "stats/actor/rollout_mgmt_time": 0.22471046447753906, "_runtime": 6140.432328462601, "_step": 249}