{"global_step": 1, "_timestamp": 1681950956.504945, "_runtime": 33.77921915054321, "_step": 1, "stats/actor/params_queue_get_time": 5.698204040527344e-05, "_wandb": {"runtime": 139}}